timestamp,referrer,count,uniques

2021-10-20,github.com,15,9
2021-10-20,Google,11,3
2021-10-20,github.com,15,9
2021-10-20,Google,11,3
2021-10-20,github.com,15,9
2021-10-20,Google,11,3
2021-10-20,github.com,15,9
2021-10-20,Google,11,3
2021-10-20,github.com,15,9
2021-10-20,Google,11,3
2021-10-25,github.com,12,7
2021-10-25,Google,12,3
2021-10-25,github.com,12,7
2021-10-25,Google,12,3
2021-10-25,github.com,12,7
2021-10-25,Google,12,3
2021-10-25,github.com,12,7
2021-10-25,Google,12,3
2021-10-25,github.com,12,7
2021-10-25,Google,12,3
2021-11-01,github.com,6,2
2021-11-01,Google,3,1
2021-11-01,github.com,9,4
2021-11-01,Google,6,2
2021-11-01,github.com,6,2
2021-11-01,Google,3,1
2021-11-01,github.com,9,4
2021-11-01,Google,6,2
2021-11-01,github.com,6,2
2021-11-01,Google,3,1
2021-11-08,github.com,11,4
2021-11-08,Google,3,1
2021-11-08,github.com,11,4
2021-11-08,Google,3,1
2021-11-08,github.com,11,4
2021-11-08,Google,3,1
2021-11-08,github.com,11,4
2021-11-08,Google,3,1
2021-11-08,github.com,11,4
2021-11-08,Google,3,1
2021-11-15,github.com,13,6
2021-11-15,github.com,13,6
2021-11-15,github.com,13,6
2021-11-15,github.com,13,6
2021-11-15,github.com,13,6
2021-11-22,github.com,4,3
2021-11-22,github.com,4,3
2021-11-22,github.com,4,3
2021-11-22,github.com,4,3
2021-11-22,github.com,4,3
2021-11-29,github.com,18,8
2021-11-29,github.com,18,8
2021-11-29,github.com,18,8
2021-11-29,github.com,18,8
2021-11-29,github.com,18,8
2021-12-06,github.com,29,12
2021-12-06,github.com,29,12
2021-12-06,github.com,29,12
2021-12-06,github.com,29,12
2021-12-06,github.com,29,12
2021-12-13,github.com,19,6
2021-12-13,github.com,19,6
2021-12-13,github.com,19,6
2021-12-13,github.com,19,6
2021-12-13,github.com,19,6
2021-12-20,github.com,10,4
2021-12-20,github.com,10,4
2021-12-20,github.com,10,4
2021-12-20,github.com,10,4
2021-12-20,github.com,10,4
2021-12-27,github.com,4,4
2021-12-27,Google,2,1
2021-12-27,github.com,4,4
2021-12-27,Google,2,1
2021-12-27,github.com,4,4
2021-12-27,Google,2,1
2021-12-27,github.com,4,4
2021-12-27,Google,2,1
2021-12-27,github.com,4,4
2021-12-27,Google,2,1
2022-01-03,github.com,12,5
2022-01-03,Google,2,1
2022-01-03,github.com,12,5
2022-01-03,Google,2,1
2022-01-03,github.com,12,5
2022-01-03,Google,2,1
2022-01-03,github.com,12,5
2022-01-03,Google,2,1
2022-01-03,github.com,12,5
2022-01-03,Google,2,1
2022-01-10,github.com,11,4
2022-01-10,github.com,11,4
2022-01-10,github.com,11,4
2022-01-10,github.com,11,4
2022-01-10,github.com,11,4
2022-01-17,github.com,28,6
2022-01-17,github.com,28,6
2022-01-17,github.com,28,6
2022-01-17,github.com,28,6
2022-01-17,github.com,28,6
2022-01-24,github.com,30,9
2022-01-24,github.com,30,9
2022-01-24,github.com,30,9
2022-01-24,github.com,30,9
2022-01-24,github.com,30,9
2022-01-31,github.com,13,6
2022-01-31,github.com,13,6
2022-01-31,github.com,13,6
2022-01-31,github.com,13,6
2022-01-31,github.com,13,6
2022-02-07,github.com,12,6
2022-02-07,github.com,12,6
2022-02-07,github.com,12,6
2022-02-07,github.com,12,6
2022-02-07,github.com,12,6
2022-02-14,github.com,4,4
2022-02-14,github.com,4,4
2022-02-14,github.com,4,4
2022-02-14,github.com,4,4
2022-02-14,github.com,4,4
2022-02-21,github.com,2,2
2022-02-21,github.com,2,2
2022-02-21,github.com,2,2
2022-02-21,github.com,2,2
2022-02-21,github.com,2,2
2022-02-21,github.com,2,2
2022-02-28,github.com,1,1
2022-02-28,github.com,1,1
2022-02-28,github.com,1,1
2022-02-28,github.com,1,1
2022-02-28,github.com,1,1
2022-02-28,github.com,1,1
2022-03-07,github.com,3,1
2022-03-07,Google,1,1
2022-03-07,github.com,3,1
2022-03-07,Google,1,1
2022-03-07,github.com,3,1
2022-03-07,Google,1,1
2022-03-07,github.com,3,1
2022-03-07,Google,1,1
2022-03-07,github.com,3,1
2022-03-07,Google,1,1
2022-03-07,github.com,3,1
2022-03-07,Google,1,1
2022-03-14,github.com,4,2
2022-03-14,Google,2,2
2022-03-14,github.com,4,2
2022-03-14,Google,2,2
2022-03-14,github.com,4,2
2022-03-14,Google,2,2
2022-03-14,github.com,4,2
2022-03-14,Google,2,2
2022-03-14,github.com,4,2
2022-03-14,Google,2,2
2022-03-14,github.com,4,2
2022-03-14,Google,2,2
2022-03-21,github.com,4,3
2022-03-21,Google,1,1
2022-03-21,github.com,4,3
2022-03-21,Google,1,1
2022-03-21,github.com,4,3
2022-03-21,Google,1,1
2022-03-21,github.com,4,3
2022-03-21,Google,1,1
2022-03-21,github.com,4,3
2022-03-21,Google,1,1
2022-03-21,github.com,4,3
2022-03-21,Google,1,1
2022-03-28,github.com,4,3
2022-03-28,github.com,4,3
2022-03-28,github.com,4,3
2022-03-28,github.com,4,3
2022-03-28,github.com,4,3
2022-03-28,github.com,4,3
2022-04-04,github.com,3,2
2022-04-04,github.com,3,2
2022-04-04,github.com,3,2
2022-04-04,github.com,3,2
2022-04-04,github.com,3,2
2022-04-04,github.com,3,2
2022-04-11,github.com,3,2
2022-04-11,github.com,3,2
2022-04-11,github.com,3,2
2022-04-11,github.com,3,2
2022-04-11,github.com,3,2
2022-04-11,github.com,3,2
2022-04-18,github.com,36,3
2022-04-18,Google,4,1
2022-04-18,github.com,36,3
2022-04-18,Google,4,1
2022-04-18,github.com,36,3
2022-04-18,Google,4,1
2022-04-18,github.com,36,3
2022-04-18,Google,4,1
2022-04-18,github.com,36,3
2022-04-18,Google,4,1
2022-04-18,github.com,36,3
2022-04-18,Google,4,1
2022-04-25,github.com,42,7
2022-04-25,Google,9,3
2022-04-25,github.com,42,7
2022-04-25,Google,9,3
2022-04-25,github.com,42,7
2022-04-25,Google,9,3
2022-04-25,github.com,42,7
2022-04-25,Google,9,3
2022-04-25,github.com,42,7
2022-04-25,Google,9,3
2022-04-25,github.com,42,7
2022-04-25,Google,9,3
2022-05-02,github.com,7,4
2022-05-02,Google,5,2
2022-05-02,github.com,7,4
2022-05-02,Google,5,2
2022-05-02,github.com,7,4
2022-05-02,Google,5,2
2022-05-02,github.com,7,4
2022-05-02,Google,5,2
2022-05-02,github.com,7,4
2022-05-02,Google,5,2
2022-05-02,github.com,7,4
2022-05-02,Google,5,2
2022-05-09,github.com,3,3
2022-05-09,github.com,3,3
2022-05-09,github.com,3,3
2022-05-09,github.com,3,3
2022-05-09,github.com,3,3
2022-05-09,github.com,3,3
2022-05-16,github.com,4,4
2022-05-16,github.com,4,4
2022-05-16,github.com,4,4
2022-05-16,github.com,4,4
2022-05-16,github.com,4,4
2022-05-16,github.com,4,4
2022-05-23,github.com,6,5
2022-05-23,github.com,6,5
2022-05-23,github.com,6,5
2022-05-23,github.com,6,5
2022-05-23,github.com,6,5
2022-05-23,github.com,6,5
2022-05-30,github.com,5,3
2022-05-30,github.com,5,3
2022-05-30,github.com,5,3
2022-05-30,github.com,5,3
2022-05-30,github.com,5,3
2022-05-30,github.com,5,3
2022-06-06,github.com,4,3
2022-06-06,github.com,4,3
2022-06-06,github.com,4,3
2022-06-06,github.com,4,3
2022-06-06,github.com,4,3
2022-06-06,github.com,4,3
2022-06-13,github.com,1,1
2022-06-13,github.com,1,1
2022-06-13,github.com,1,1
2022-06-13,github.com,1,1
2022-06-13,github.com,1,1
2022-06-13,github.com,1,1
2022-06-20,Google,2,1
2022-06-20,Google,2,1
2022-06-20,Google,2,1
2022-06-20,Google,2,1
2022-06-20,Google,2,1
2022-06-20,Google,2,1
2022-06-27,Google,2,1
2022-06-27,github.com,1,1
2022-06-27,Google,2,1
2022-06-27,github.com,1,1
2022-06-27,Google,2,1
2022-06-27,github.com,1,1
2022-06-27,Google,2,1
2022-06-27,github.com,1,1
2022-06-27,Google,2,1
2022-06-27,github.com,1,1
2022-06-27,Google,2,1
2022-06-27,github.com,1,1
2022-07-04,github.com,12,4
2022-07-04,github.com,12,4
2022-07-04,github.com,12,4
2022-07-04,github.com,12,4
2022-07-04,github.com,12,4
2022-07-04,github.com,12,4
2022-07-11,github.com,11,3
2022-07-11,Google,1,1
2022-07-11,github.com,11,3
2022-07-11,Google,1,1
2022-07-11,github.com,11,3
2022-07-11,Google,1,1
2022-07-11,github.com,11,3
2022-07-11,Google,1,1
2022-07-11,github.com,11,3
2022-07-11,Google,1,1
2022-07-11,github.com,11,3
2022-07-11,Google,1,1
2022-07-18,Google,1,1
2022-07-18,github.com,1,1
2022-07-18,Google,1,1
2022-07-18,github.com,1,1
2022-07-18,Google,1,1
2022-07-18,github.com,1,1
2022-07-18,Google,1,1
2022-07-18,github.com,1,1
2022-07-18,Google,1,1
2022-07-18,github.com,1,1
2022-07-18,Google,1,1
2022-07-18,github.com,1,1
2022-07-25,Google,7,1
2022-07-25,Google,7,1
2022-07-25,Google,7,1
2022-07-25,Google,7,1
2022-07-25,Google,7,1
2022-07-25,Google,7,1
2022-08-01,Google,15,2
2022-08-01,Google,15,2
2022-08-01,Google,15,2
2022-08-01,Google,15,2
2022-08-01,Google,15,2
2022-08-01,Google,15,2
2022-08-08,Google,18,2
2022-08-08,github.com,2,1
2022-08-08,Google,18,2
2022-08-08,github.com,2,1
2022-08-08,Google,18,2
2022-08-08,github.com,2,1
2022-08-08,Google,18,2
2022-08-08,github.com,2,1
2022-08-08,Google,18,2
2022-08-08,github.com,2,1
2022-08-08,Google,18,2
2022-08-08,github.com,2,1
2022-08-15,Google,11,2
2022-08-15,github.com,2,1
2022-08-15,Google,11,2
2022-08-15,github.com,2,1
2022-08-15,Google,11,2
2022-08-15,github.com,2,1
2022-08-15,Google,11,2
2022-08-15,github.com,2,1
2022-08-15,Google,11,2
2022-08-15,github.com,2,1
2022-08-15,Google,11,2
2022-08-15,github.com,2,1
2022-08-22,Google,1,1
2022-08-22,github.com,1,1
2022-08-22,Google,1,1
2022-08-22,github.com,1,1
2022-08-22,Google,1,1
2022-08-22,github.com,1,1
2022-08-22,Google,1,1
2022-08-22,github.com,1,1
2022-08-22,Google,1,1
2022-08-22,github.com,1,1
2022-08-22,Google,1,1
2022-08-22,github.com,1,1
2022-08-29,github.com,2,2
2022-08-29,github.com,2,2
2022-08-29,github.com,2,2
2022-08-29,github.com,2,2
2022-08-29,github.com,2,2
2022-09-05,github.com,1,1
2022-09-05,github.com,1,1
2022-09-05,github.com,1,1
2022-09-05,github.com,1,1
2022-09-05,github.com,1,1
2022-09-12,github.com,6,1
2022-09-12,colab.research.google.com,1,1
2022-09-12,github.com,6,1
2022-09-12,colab.research.google.com,1,1
2022-09-12,github.com,6,1
2022-09-12,colab.research.google.com,1,1
2022-09-12,github.com,6,1
2022-09-12,colab.research.google.com,1,1
2022-09-12,github.com,6,1
2022-09-12,colab.research.google.com,1,1
2022-09-19,github.com,8,2
2022-09-19,colab.research.google.com,1,1
2022-09-19,Google,1,1
2022-09-19,github.com,8,2
2022-09-19,colab.research.google.com,1,1
2022-09-19,Google,1,1
2022-09-19,github.com,8,2
2022-09-19,colab.research.google.com,1,1
2022-09-19,Google,1,1
2022-09-19,github.com,8,2
2022-09-19,colab.research.google.com,1,1
2022-09-19,Google,1,1
2022-09-19,github.com,8,2
2022-09-19,colab.research.google.com,1,1
2022-09-19,Google,1,1
2022-09-26,Google,5,2
2022-09-26,github.com,5,2
2022-09-26,Google,5,2
2022-09-26,github.com,5,2
2022-09-26,Google,5,2
2022-09-26,github.com,5,2
2022-09-26,Google,5,2
2022-09-26,github.com,5,2
2022-09-26,Google,5,2
2022-09-26,github.com,5,2
2022-10-03,Google,4,1
2022-10-03,github.com,3,1
2022-10-03,Google,4,1
2022-10-03,github.com,3,1
2022-10-03,Google,4,1
2022-10-03,github.com,3,1
2022-10-03,Google,4,1
2022-10-03,github.com,3,1
2022-10-03,Google,4,1
2022-10-03,github.com,3,1
2022-10-10,colab.research.google.com,3,1
2022-10-10,github.com,2,1
2022-10-10,colab.research.google.com,3,1
2022-10-10,github.com,2,1
2022-10-10,colab.research.google.com,3,1
2022-10-10,github.com,2,1
2022-10-10,colab.research.google.com,3,1
2022-10-10,github.com,2,1
2022-10-10,colab.research.google.com,3,1
2022-10-10,github.com,2,1
2022-10-17,Google,7,2
2022-10-17,colab.research.google.com,3,1
2022-10-17,github.com,2,1
2022-10-17,Google,7,2
2022-10-17,colab.research.google.com,3,1
2022-10-17,github.com,2,1
2022-10-17,Google,7,2
2022-10-17,colab.research.google.com,3,1
2022-10-17,github.com,2,1
2022-10-17,Google,7,2
2022-10-17,colab.research.google.com,3,1
2022-10-17,github.com,2,1
2022-10-17,Google,7,2
2022-10-17,colab.research.google.com,3,1
2022-10-17,github.com,2,1
2022-10-24,Google,6,3
2022-10-24,github.com,6,1
2022-10-24,Google,6,3
2022-10-24,github.com,6,1
2022-10-24,Google,6,3
2022-10-24,github.com,6,1
2022-10-24,Google,6,3
2022-10-24,github.com,6,1
2022-10-24,Google,6,3
2022-10-24,github.com,6,1
2022-10-31,github.com,8,2
2022-10-31,Google,4,2
2022-10-31,github.com,8,2
2022-10-31,Google,4,2
2022-10-31,github.com,8,2
2022-10-31,Google,4,2
2022-10-31,github.com,8,2
2022-10-31,Google,4,2
2022-10-31,github.com,8,2
2022-10-31,Google,4,2
2022-11-07,github.com,4,2
2022-11-07,github.com,4,2
2022-11-07,github.com,4,2
2022-11-07,github.com,4,2
2022-11-07,github.com,4,2
2022-11-14,github.com,4,3
2022-11-14,github.com,4,3
2022-11-14,github.com,4,3
2022-11-14,github.com,4,3
2022-11-14,github.com,4,3
2022-11-21,github.com,9,3
2022-11-21,github.com,9,3
2022-11-21,github.com,9,3
2022-11-21,github.com,9,3
2022-11-21,github.com,9,3
2022-11-28,github.com,7,1
2022-11-28,Google,1,1
2022-11-28,github.com,7,1
2022-11-28,Google,1,1
2022-11-28,github.com,7,1
2022-11-28,Google,1,1
2022-11-28,github.com,7,1
2022-11-28,Google,1,1
2022-11-28,github.com,7,1
2022-11-28,Google,1,1
2022-12-05,github.com,8,4
2022-12-05,Google,1,1
2022-12-05,github.com,8,4
2022-12-05,Google,1,1
2022-12-05,github.com,8,4
2022-12-05,Google,1,1
2022-12-05,github.com,8,4
2022-12-05,Google,1,1
2022-12-05,github.com,8,4
2022-12-05,Google,1,1
2022-12-12,github.com,8,4
2022-12-12,github.com,8,4
2022-12-12,github.com,8,4
2022-12-12,github.com,8,4
2022-12-12,github.com,8,4
2022-12-19,github.com,1,1
2022-12-19,github.com,1,1
2022-12-19,github.com,1,1
2022-12-19,github.com,1,1
2022-12-19,github.com,1,1
2022-12-26,github.com,2,2
2022-12-26,github.com,2,2
2022-12-26,github.com,2,2
2022-12-26,github.com,2,2
2022-12-26,github.com,2,2
2023-01-02,github.com,2,2
2023-01-02,github.com,2,2
2023-01-02,github.com,2,2
2023-01-02,github.com,2,2
2023-01-02,github.com,2,2
2023-01-09,github.com,3,2
2023-01-09,github.com,3,2
2023-01-09,github.com,3,2
2023-01-09,github.com,3,2
2023-01-09,github.com,3,2
2023-01-16,github.com,2,1
2023-01-16,github.com,2,1
2023-01-16,github.com,2,1
2023-01-16,github.com,2,1
2023-01-16,github.com,2,1
2023-01-23,github.com,3,1
2023-01-23,github.com,3,1
2023-01-23,github.com,3,1
2023-01-23,github.com,3,1
2023-01-23,github.com,3,1
2023-01-30,github.com,5,2
2023-01-30,github.com,5,2
2023-01-30,github.com,5,2
2023-01-30,github.com,5,2
2023-01-30,github.com,5,2
2023-02-06,github.com,9,3
2023-02-06,github.com,9,3
2023-02-06,github.com,9,3
2023-02-06,github.com,9,3
2023-02-06,github.com,9,3
2023-02-13,github.com,8,3
2023-02-13,github.com,8,3
2023-02-13,github.com,8,3
2023-02-13,github.com,8,3
2023-02-13,github.com,8,3
2023-02-20,github.com,5,2
2023-02-20,github.com,5,2
2023-02-20,github.com,5,2
2023-02-20,github.com,5,2
2023-02-20,github.com,5,2
2023-02-27,github.com,1,1
2023-02-27,github.com,1,1
2023-02-27,github.com,1,1
2023-02-27,github.com,1,1
2023-02-27,github.com,1,1
2023-03-06,Google,1,1
2023-03-06,Google,1,1
2023-03-06,Google,1,1
2023-03-06,Google,1,1
2023-03-06,Google,1,1
2023-03-13,github.com,5,1
2023-03-13,Google,1,1
2023-03-13,github.com,5,1
2023-03-13,Google,1,1
2023-03-13,github.com,5,1
2023-03-13,Google,1,1
2023-03-13,github.com,5,1
2023-03-13,Google,1,1
2023-03-13,github.com,5,1
2023-03-13,Google,1,1
2023-03-20,github.com,5,1
2023-03-20,github.com,5,1
2023-03-20,github.com,5,1
2023-03-20,github.com,5,1
2023-03-20,github.com,5,1
2023-03-27,github.com,6,3
2023-03-27,github.com,6,3
2023-03-27,github.com,6,3
2023-03-27,github.com,6,3
2023-03-27,github.com,6,3
2023-04-03,github.com,6,3
2023-04-03,github.com,6,3
2023-04-03,github.com,6,3
2023-04-03,github.com,6,3
2023-04-03,github.com,6,3
2023-04-17,github.com,1,1
2023-04-17,github.com,1,1
2023-04-17,github.com,1,1
2023-04-17,github.com,1,1
2023-04-17,github.com,1,1
2023-04-24,github.com,1,1
2023-04-24,github.com,1,1
2023-04-24,github.com,1,1
2023-04-24,github.com,1,1
2023-04-24,github.com,1,1
2023-05-01,github.com,39,1
2023-05-01,Google,1,1
2023-05-01,github.com,39,1
2023-05-01,Google,1,1
2023-05-01,github.com,39,1
2023-05-01,Google,1,1
2023-05-01,github.com,39,1
2023-05-01,Google,1,1
2023-05-01,github.com,39,1
2023-05-01,Google,1,1
2023-05-08,github.com,2,1
2023-05-08,github.com,2,1
2023-05-08,github.com,2,1
2023-05-08,github.com,2,1
2023-05-08,github.com,2,1
2023-05-22,github.com,10,2
2023-05-22,Google,2,2
2023-05-22,github.com,10,2
2023-05-22,Google,2,2
2023-05-22,github.com,10,2
2023-05-22,Google,2,2
2023-05-22,github.com,10,2
2023-05-22,Google,2,2
2023-05-22,github.com,10,2
2023-05-22,Google,2,2
2023-05-29,github.com,29,6
2023-05-29,Google,2,2
2023-05-29,github.com,29,6
2023-05-29,Google,2,2
2023-05-29,github.com,29,6
2023-05-29,Google,2,2
2023-05-29,github.com,29,6
2023-05-29,Google,2,2
2023-05-29,github.com,29,6
2023-05-29,Google,2,2
2023-06-05,github.com,24,3
2023-06-05,github.com,24,3
2023-06-05,github.com,24,3
2023-06-05,github.com,24,3
2023-06-05,github.com,24,3
2023-06-12,github.com,14,4
2023-06-12,github.com,14,4
2023-06-12,github.com,14,4
2023-06-12,github.com,14,4
2023-06-12,github.com,14,4
2023-06-19,github.com,15,5
2023-06-19,github.com,15,5
2023-06-19,github.com,15,5
2023-06-19,github.com,15,5
2023-06-19,github.com,15,5
2023-06-26,github.com,20,2
2023-06-26,github.com,20,2
2023-06-26,github.com,20,2
2023-06-26,github.com,20,2
2023-06-26,github.com,20,2
2023-07-03,github.com,22,2
2023-07-03,Google,13,1
2023-07-03,github.com,22,2
2023-07-03,Google,13,1
2023-07-03,github.com,22,2
2023-07-03,Google,13,1
2023-07-03,github.com,22,2
2023-07-03,Google,13,1
2023-07-03,github.com,22,2
2023-07-03,Google,13,1
2023-07-10,github.com,25,2
2023-07-10,Google,13,1
2023-07-10,github.com,25,2
2023-07-10,Google,13,1
2023-07-10,github.com,25,2
2023-07-10,Google,13,1
2023-07-10,github.com,25,2
2023-07-10,Google,13,1
2023-07-10,github.com,25,2
2023-07-10,Google,13,1
2023-07-17,github.com,23,2
2023-07-17,github.com,23,2
2023-07-17,github.com,23,2
2023-07-17,github.com,23,2
2023-07-17,github.com,23,2
2023-07-24,github.com,5,1
2023-07-24,github.com,5,1
2023-07-24,github.com,5,1
2023-07-24,github.com,5,1
2023-07-24,github.com,5,1
2023-07-31,github.com,5,1
2023-07-31,Google,1,1
2023-07-31,github.com,5,1
2023-07-31,Google,1,1
2023-07-31,github.com,5,1
2023-07-31,Google,1,1
2023-07-31,github.com,5,1
2023-07-31,Google,1,1
2023-07-31,github.com,5,1
2023-07-31,Google,1,1
2023-08-07,github.com,4,2
2023-08-07,Google,1,1
2023-08-07,github.com,4,2
2023-08-07,Google,1,1
2023-08-07,github.com,4,2
2023-08-07,Google,1,1
2023-08-07,github.com,4,2
2023-08-07,Google,1,1
2023-08-07,github.com,4,2
2023-08-07,Google,1,1
2023-08-14,github.com,4,2
2023-08-14,github.com,4,2
2023-08-14,github.com,4,2
2023-08-14,github.com,4,2
2023-08-14,github.com,4,2
2023-09-04,Google,5,1
2023-09-04,github.com,3,1
2023-09-04,Google,5,1
2023-09-04,github.com,3,1
2023-09-04,Google,5,1
2023-09-04,github.com,3,1
2023-09-04,Google,5,1
2023-09-04,github.com,3,1
2023-09-04,Google,5,1
2023-09-04,github.com,3,1
2023-09-11,Google,6,2
2023-09-11,github.com,3,1
2023-09-11,Google,6,2
2023-09-11,github.com,3,1
2023-09-11,Google,6,2
2023-09-11,github.com,3,1
2023-09-11,Google,6,2
2023-09-11,github.com,3,1
2023-09-11,Google,6,2
2023-09-11,github.com,3,1
2023-09-18,github.com,5,1
2023-09-18,Google,1,1
2023-09-18,github.com,5,1
2023-09-18,Google,1,1
2023-09-18,github.com,5,1
2023-09-18,Google,1,1
2023-09-18,github.com,5,1
2023-09-18,Google,1,1
2023-09-18,github.com,5,1
2023-09-18,Google,1,1
2023-09-25,github.com,6,2
2023-09-25,github.com,6,2
2023-09-25,github.com,6,2
2023-09-25,github.com,6,2
2023-09-25,github.com,6,2
2023-10-02,github.com,2,2
2023-10-02,Google,1,1
2023-10-02,github.com,2,2
2023-10-02,Google,1,1
2023-10-02,github.com,2,2
2023-10-02,Google,1,1
2023-10-02,github.com,2,2
2023-10-02,Google,1,1
2023-10-02,github.com,2,2
2023-10-02,Google,1,1
2023-10-16,github.com,4,2
2023-10-16,github.com,4,2
2023-10-16,github.com,4,2
2023-10-16,github.com,4,2
2023-10-16,github.com,4,2
2023-10-23,github.com,13,4
2023-10-23,docs.google.com,3,1
2023-10-23,github.com,13,4
2023-10-23,docs.google.com,3,1
2023-10-23,github.com,13,4
2023-10-23,docs.google.com,3,1
2023-10-23,github.com,13,4
2023-10-23,docs.google.com,3,1
2023-10-23,github.com,13,4
2023-10-23,docs.google.com,3,1
2023-10-30,github.com,13,4
2023-10-30,docs.google.com,3,1
2023-10-30,github.com,13,4
2023-10-30,docs.google.com,3,1
2023-10-30,github.com,13,4
2023-10-30,docs.google.com,3,1
2023-10-30,github.com,13,4
2023-10-30,docs.google.com,3,1
2023-10-30,github.com,13,4
2023-10-30,docs.google.com,3,1
2023-11-06,github.com,4,2
2023-11-06,github.com,4,2
2023-11-06,github.com,4,2
2023-11-06,github.com,4,2
2023-11-06,github.com,4,2
2023-11-13,github.com,9,6
2023-11-13,github.com,9,6
2023-11-13,github.com,9,6
2023-11-13,github.com,9,6
2023-11-20,github.com,16,13
2023-11-20,Google,9,3
2023-11-20,github.com,16,13
2023-11-20,Google,9,3
2023-11-20,github.com,16,13
2023-11-20,Google,9,3
2023-11-20,github.com,16,13
2023-11-20,Google,9,3
2023-11-27,github.com,10,9
2023-11-27,Google,9,3
2023-11-27,github.com,10,9
2023-11-27,Google,9,3
2023-11-27,github.com,10,9
2023-11-27,Google,9,3
2023-11-27,github.com,10,9
2023-11-27,Google,9,3
2023-12-04,github.com,10,6
2023-12-04,Google,2,2
2023-12-04,github.com,10,6
2023-12-04,Google,2,2
2023-12-04,github.com,10,6
2023-12-04,Google,2,2
2023-12-04,github.com,10,6
2023-12-04,Google,2,2
2023-12-11,github.com,7,4
2023-12-11,Google,6,2
2023-12-11,github.com,7,4
2023-12-11,Google,6,2
2023-12-11,github.com,7,4
2023-12-11,Google,6,2
2023-12-11,github.com,7,4
2023-12-11,Google,6,2
2023-12-18,github.com,2,2
2023-12-18,Google,2,1
2023-12-18,github.com,2,2
2023-12-18,Google,2,1
2023-12-18,github.com,2,2
2023-12-18,Google,2,1
2023-12-18,github.com,2,2
2023-12-18,Google,2,1
2023-12-25,github.com,1,1
2023-12-25,github.com,1,1
2023-12-25,github.com,1,1
2023-12-25,github.com,1,1
2024-01-08,github.com,36,3
2024-01-08,Google,1,1
2024-01-08,github.com,36,3
2024-01-08,Google,1,1
2024-01-08,github.com,36,3
2024-01-08,Google,1,1
2024-01-08,github.com,36,3
2024-01-08,Google,1,1
2024-01-15,github.com,45,6
2024-01-15,Google,1,1
2024-01-15,github.com,45,6
2024-01-15,Google,1,1
2024-01-15,github.com,45,6
2024-01-15,Google,1,1
2024-01-15,github.com,45,6
2024-01-15,Google,1,1
2024-01-22,github.com,12,4
2024-01-22,github.com,12,4
2024-01-22,github.com,12,4
2024-01-22,github.com,12,4
2024-01-29,Google,18,1
2024-01-29,github.com,5,3
2024-01-29,Google,18,1
2024-01-29,github.com,5,3
2024-01-29,Google,18,1
2024-01-29,github.com,5,3
2024-01-29,Google,18,1
2024-01-29,github.com,5,3
2024-02-05,Google,18,1
2024-02-05,github.com,12,5
2024-02-05,Google,18,1
2024-02-05,github.com,12,5
2024-02-05,Google,18,1
2024-02-05,github.com,12,5
2024-02-05,Google,18,1
2024-02-05,github.com,12,5
2024-02-12,github.com,4,3
2024-02-12,github.com,4,3
2024-02-12,github.com,4,3
2024-02-12,github.com,4,3
2024-02-19,github.com,3,3
2024-02-19,github.com,3,3
2024-02-19,github.com,3,3
2024-02-19,github.com,3,3
2024-02-26,github.com,2,2
2024-02-26,Google,1,1
2024-02-26,github.com,2,2
2024-02-26,Google,1,1
2024-02-26,github.com,2,2
2024-02-26,Google,1,1
2024-02-26,github.com,2,2
2024-02-26,Google,1,1
2024-03-04,github.com,5,3
2024-03-04,Google,2,2
2024-03-04,github.com,5,3
2024-03-04,Google,2,2
2024-03-04,github.com,5,3
2024-03-04,Google,2,2
2024-03-04,github.com,5,3
2024-03-04,Google,2,2
2024-03-11,github.com,5,3
2024-03-11,Google,2,2
2024-03-11,github.com,5,3
2024-03-11,Google,2,2
2024-03-11,github.com,5,3
2024-03-11,Google,2,2
2024-03-11,github.com,5,3
2024-03-11,Google,2,2
2024-03-18,Google,1,1
2024-03-18,github.com,1,1
2024-03-18,Google,1,1
2024-03-18,github.com,1,1
2024-03-18,Google,1,1
2024-03-18,github.com,1,1
2024-03-18,Google,1,1
2024-03-18,github.com,1,1
2024-03-25,github.com,6,5
2024-03-25,github.com,6,5
2024-03-25,github.com,6,5
2024-03-25,github.com,6,5
2024-04-01,github.com,5,4
2024-04-01,github.com,5,4
2024-04-01,github.com,5,4
2024-04-01,github.com,5,4
2024-04-08,github.com,1,1
2024-04-08,github.com,1,1
2024-04-08,github.com,1,1
2024-04-08,github.com,1,1
2024-04-15,github.com,2,2
2024-04-15,Google,1,1
2024-04-15,github.com,2,2
2024-04-15,Google,1,1
2024-04-15,github.com,2,2
2024-04-15,Google,1,1
2024-04-15,github.com,2,2
2024-04-15,Google,1,1
2024-04-22,github.com,3,3
2024-04-22,Google,1,1
2024-04-22,github.com,3,3
2024-04-22,Google,1,1
2024-04-22,github.com,3,3
2024-04-22,Google,1,1
2024-04-22,github.com,3,3
2024-04-22,Google,1,1
2024-04-29,github.com,2,2
2024-04-29,github.com,2,2
2024-04-29,github.com,2,2
2024-04-29,github.com,2,2
2024-05-06,github.com,1,1
2024-05-06,github.com,1,1
2024-05-06,github.com,1,1
2024-05-06,github.com,1,1
2024-05-13,github.com,41,2
2024-05-13,Google,2,1
2024-05-13,github.com,41,2
2024-05-13,Google,2,1
2024-05-13,github.com,41,2
2024-05-13,Google,2,1
2024-05-13,github.com,41,2
2024-05-13,Google,2,1
2024-05-20,github.com,52,7
2024-05-20,github.com,52,7
2024-05-20,github.com,52,7
2024-05-20,github.com,52,7
2024-05-27,github.com,13,7
2024-05-27,github.com,13,7
2024-05-27,github.com,13,7
2024-05-27,github.com,13,7
2024-06-03,github.com,2,2
2024-06-03,github.com,2,2
2024-06-03,github.com,2,2
2024-06-03,github.com,2,2
2024-06-10,github.com,28,3
2024-06-10,github.com,28,3
2024-06-10,github.com,28,3
2024-06-10,github.com,28,3
2024-06-17,github.com,29,4
2024-06-17,Google,1,1
2024-06-17,github.com,29,4
2024-06-17,Google,1,1
2024-06-17,github.com,29,4
2024-06-17,Google,1,1
2024-06-17,github.com,29,4
2024-06-17,Google,1,1
2024-06-24,github.com,3,3
2024-06-24,Google,1,1
2024-06-24,github.com,3,3
2024-06-24,Google,1,1
2024-06-24,github.com,3,3
2024-06-24,Google,1,1
2024-06-24,github.com,3,3
2024-06-24,Google,1,1
2024-07-01,Google,5,1
2024-07-01,github.com,2,2
2024-07-01,Google,5,1
2024-07-01,github.com,2,2
2024-07-01,Google,5,1
2024-07-01,github.com,2,2
2024-07-01,Google,5,1
2024-07-01,github.com,2,2
2024-07-08,github.com,35,3
2024-07-08,Google,5,1
2024-07-08,github.com,35,3
2024-07-08,Google,5,1
2024-07-08,github.com,35,3
2024-07-08,Google,5,1
2024-07-08,github.com,35,3
2024-07-08,Google,5,1
2024-07-15,github.com,35,3
2024-07-15,github.com,35,3
2024-07-15,github.com,35,3
2024-07-15,github.com,35,3
2024-07-22,github.com,12,3
2024-07-22,Google,9,1
2024-07-22,github.com,12,3
2024-07-22,Google,9,1
2024-07-22,github.com,12,3
2024-07-22,Google,9,1
2024-07-22,github.com,12,3
2024-07-22,Google,9,1
2024-07-29,Google,20,2
2024-07-29,github.com,9,4
2024-07-29,Google,20,2
2024-07-29,github.com,9,4
2024-07-29,Google,20,2
2024-07-29,github.com,9,4
2024-07-29,Google,20,2
2024-07-29,github.com,9,4
2024-08-05,Google,11,1
2024-08-05,github.com,7,4
2024-08-05,Google,11,1
2024-08-05,github.com,7,4
2024-08-05,Google,11,1
2024-08-05,github.com,7,4
2024-08-05,Google,11,1
2024-08-05,github.com,7,4
2024-08-12,github.com,15,4
2024-08-12,github.com,15,4
2024-08-12,github.com,15,4
2024-08-12,github.com,15,4
2024-08-19,github.com,20,5
2024-08-19,github.com,20,5
2024-08-19,github.com,20,5
2024-08-19,github.com,20,5
2024-08-26,github.com,14,4
2024-08-26,github.com,14,4
2024-08-26,github.com,14,4
2024-08-26,github.com,14,4
2024-09-02,github.com,30,4
2024-09-02,github.com,30,4
2024-09-02,github.com,30,4
2024-09-02,github.com,30,4
